<?xml version="1.0" encoding="UTF-8"?>
<beans xmlns="http://www.springframework.org/schema/beans"
	xmlns:xsi="http://www.w3.org/2001/XMLSchema-instance"
	xsi:schemaLocation="http://www.springframework.org/schema/beans
   http://www.springframework.org/schema/beans/spring-beans-3.0.xsd">

	<bean id = "rectangle" name ="com.yash.springioc2.Rectangle" class="com.yash.springioc2.Rectangle">
	<property name="width" value="3.5"></property>
	<property name="length" value="5.5"></property>
	</bean>
	<bean id="traingle" name=" com.yash.springioc2.Traingle" class ="com.yash.springioc2.Traingle">
		<property name="base" value="3.5"></property>
		<property name="height" value="5.5"></property>
	</bean>
	<bean id="parallelogram" name=" com.yash.springioc2.Parallelogram" class="com.yash.springioc2.Parallelogram">
		<property name="base" value="3.5"></property>
		<property name="height" value="5.5"></property>
	</bean>

</beans>