<?xml version="1.0" encoding="UTF-8"?>
<beans xmlns="http://www.springframework.org/schema/beans"
	xmlns:xsi="http://www.w3.org/2001/XMLSchema-instance"
	xsi:schemaLocation="http://www.springframework.org/schema/beans
   http://www.springframework.org/schema/beans/spring-beans-3.0.xsd">

	<bean id="engine1" class="com.yash.springioc6.Engine">
		<property name="engine_Type" value="Petrol Engine"></property>
		<property name="engine_Power" value="210.00"></property>
		<property name="engine_Name" value="turbojet"></property>
	</bean>
	<bean id="vehicle1" class="com.yash.springioc6.Vehicle">
		<property name="vehicle_Name" value="car"></property>
		<property name="vehicle_Type" value="four wheeler"></property>
		<property name="vehicle_Mileage" value="18"></property>
		<property name="price" value="900000"></property>
		<property name="engine" ref="engine1"></property>
	</bean>

</beans>