<?xml version="1.0" encoding="UTF-8"?>
<beans xmlns="http://www.springframework.org/schema/beans"
	xmlns:xsi="http://www.w3.org/2001/XMLSchema-instance"
	xsi:schemaLocation="http://www.springframework.org/schema/beans
   http://www.springframework.org/schema/beans/spring-beans-3.0.xsd">

	<bean id="movie1" class="com.yash.spring_ioc.Movie">
		<property name="movie_Name">
			<list>
				<value>Gaddar2</value>
				<value>SpiderMan</value>
				<value>Drusham2</value>
			</list>

		</property>
		<property name="movie_Timing">
			<list>
				<value>11.00AM - 1.00PM</value>
				<value>1.15PM - 3.00PM</value>
				<value>3.15PM - 6.00PM</value>
			</list>

		</property>
	</bean>
	<bean id="cinemaHall1" class="com.yash.spring_ioc.CinemaHall">
		<property name="cinemaHallName">
			<list>
				<value>CinePolice</value>
				<value>InoX</value>
				<value>CityPride</value>
			</list>
		</property>
		<property name="movie" ref="movie1"></property>
	</bean>
	<bean id="city1" class="com.yash.spring_ioc.City">
		<property name="cityName">
			<list>
				<value>PUNE</value>
				<value>MUMBAI</value>
				<value>NASHIK</value>
			</list>
		</property>
	    <property name="cinemaHall" ref="cinemaHall1"></property>
	</bean>
</beans>
